"Sr.","Stock Name","Symbol","Links","% Chg","Price","Volume"
"240","Vardhman Textiles Limited","VTL","P&F | F.A","13.03%","450.2","2,56,66,731"
"763","Elgi Rubber Company Limited","ELGIRUBCO","P&F | F.A","12.73%","71.37","14,01,657"
"576","Reliable Data Services Ltd","RELIABLE","P&F | F.A","9.99%","149.01","6,64,894"
"796","Ola Electric Mobility Ltd","OLAELEC","P&F | F.A","7.91%","54.84","77,94,20,321"
"348","Advanced Enzyme Technologies Limited","ADVENZYMES","P&F | F.A","7.39%","324.15","66,91,820"
"665","Lotus Eye Care Hospital Limited","LOTUSEYE","P&F | F.A","5.5%","109.22","3,22,658"
"375","Thirumalai Chemicals Limited","TIRUMALCHM","P&F | F.A","5.45%","297","6,78,951"
"229","MSTC Ltd","MSTCLTD","P&F | F.A","5.35%","461.85","16,53,985"
"400","NACL Industries Ltd","NACLIND","P&F | F.A","5%","272.2","1,22,711"
"178","Royal Orchid Hotels Limited","ROHLTD","P&F | F.A","4.9%","526.7","15,05,001"
"14","India Shelter Finance Corporation Ltd","INDIASHLTR","P&F | F.A","4.64%","952.1","6,01,940"
"596","RBZ Jewellers Ltd","RBZJEWEL","P&F | F.A","4.56%","139.25","1,76,100"
"327","Crizac Ltd","CRIZAC","P&F | F.A","4.23%","349.7","21,44,290"
"116","Vimta Labs Limited","VIMTALABS","P&F | F.A","4.2%","657.75","11,19,802"
"784","RattanIndia Enterprises Ltd","RTNINDIA","P&F | F.A","4.09%","60.58","8,33,00,812"
"598","Bharat Seats Ltd","BHARATSE","P&F | F.A","3.92%","138.95","1,26,186"
"325","Triveni Engineering & Industries Limited","TRIVENI","P&F | F.A","3.7%","351.75","8,71,621"
"111","Rossell Techsys Ltd","ROSSTECH","P&F | F.A","3.6%","674.7","1,43,083"
"272","Denta Water & Infra Solutions Ltd","DENTA","P&F | F.A","3.56%","409.85","15,19,625"
"674","Tamilnadu Petroproducts Limited","TNPETRO","P&F | F.A","3.56%","105.23","4,80,500"
"47","Aarti Pharmalabs Ltd","AARTIPHARM","P&F | F.A","3.33%","845.95","3,02,708"
"660","Ester Industries Limited","ESTER","P&F | F.A","3.28%","110.81","10,60,499"
"612","JTEKT India Ltd","JTEKTINDIA","P&F | F.A","3%","134.01","2,06,49,003"
"575","Inox Green Energy Services Ltd","INOXGREEN","P&F | F.A","2.8%","149.49","2,61,391"
"631","Remsons Industries Limited","REMSONSIND","P&F | F.A","2.74%","120.17","2,23,935"
"514","Elin Electronics Ltd","ELIN","P&F | F.A","2.7%","183.99","70,438"
"743","Restaurant Brands Asia Ltd","RBA","P&F | F.A","2.65%","79.82","10,68,656"
"744","GHCL Textiles Ltd","GHCLTEXTIL","P&F | F.A","2.61%","79.11","2,00,175"
"707","Rico Auto Industries Limited","RICOAUTO","P&F | F.A","2.6%","90.43","37,92,867"
"383","Puravankara Projects Limited","PURVA","P&F | F.A","2.56%","288","2,60,384"
"661","Edelweiss Financial Services Limited","EDELWEISS","P&F | F.A","2.54%","110.66","3,13,06,464"
"315","Goldiam International Limited","GOLDIAM","P&F | F.A","2.41%","358.8","10,18,718"
"44","Avalon Technologies Ltd","AVALON","P&F | F.A","2.39%","863.85","2,53,913"
"191","Kalyan Jewellers India Ltd","KALYANKJIL","P&F | F.A","2.36%","510.15","73,54,852"
"495","Engineers India Limited","ENGINERSIN","P&F | F.A","2.35%","200.27","42,64,872"
"399","Reliance Infrastructure Limited","RELINFRA","P&F | F.A","2.25%","273.05","10,65,425"
"702","Ganesh Benzoplast Ltd","GANESHBE","P&F | F.A","2.14%","94.46","90,153"
"448","Bajaj Consumer Care Ltd","BAJAJCON","P&F | F.A","2.11%","234.35","14,84,395"
"713","Delta Corp Limited","DELTACORP","P&F | F.A","2.05%","87.99","53,83,030"
"221","Kolte - Patil Developers Limited","KOLTEPATIL","P&F | F.A","2.04%","469.7","3,33,920"
"228","Swan Energy Limited","SWANENERGY","P&F | F.A","1.94%","462.55","19,34,082"
"519","Thomas Cook  (india)  Limited","THOMASCOOK","P&F | F.A","1.92%","177.54","17,33,981"
"92","Westlife Development Ltd","WESTLIFE","P&F | F.A","1.89%","721.5","1,36,814"
"669","Khaitan Chemicals & Fertilizers Ltd","KHAICHEM","P&F | F.A","1.83%","106.8","99,945"
"246","Star Health & Allied Insurance Company Ltd","STARHEALTH","P&F | F.A","1.77%","442.75","6,02,002"
"442","Kansai Nerolac Paints Limited","KANSAINER","P&F | F.A","1.7%","238.04","2,19,353"
"479","Vaibhav Global Limited","VAIBHAVGBL","P&F | F.A","1.7%","211.24","11,28,213"
"338","Gokul Agro Resources Limited","GOKULAGRO","P&F | F.A","1.69%","336","2,21,599"
"342","Moil Limited","MOIL","P&F | F.A","1.68%","330.5","5,18,526"
"345","Baazar Style Retail Ltd","STYLEBAAZA","P&F | F.A","1.67%","325.65","3,93,179"
"265","Vip Industries Limited","VIPIND","P&F | F.A","1.63%","420.25","5,35,114"
"517","Standard Glass Lining Technology Ltd","SGLTL","P&F | F.A","1.6%","181.87","1,81,661"
"543","Lemon Tree Hotels Ltd","LEMONTREE","P&F | F.A","1.58%","167.8","45,50,659"
"708","NDL Ventures Ltd","NDLVENTURE","P&F | F.A","1.56%","90.22","21,451"
"31","Protean eGov Technologies Ltd","PROTEAN","P&F | F.A","1.53%","896.85","28,28,909"
"122","InfoBeans Technologies Ltd","INFOBEAN","P&F | F.A","1.51%","640.6","1,10,142"
"86","Syrma SGS Technology Ltd","SYRMA","P&F | F.A","1.47%","738.6","9,44,962"
"171","Deep Industries Ltd","DEEPINDS","P&F | F.A","1.45%","540","1,89,942"
"65","Jindal Stainless Limited","JSL","P&F | F.A","1.41%","806.45","23,50,371"
"42","Natco Pharma Limited","NATCOPHARM","P&F | F.A","1.39%","867.15","3,49,020"
"147","Ramkrishna Forgings Limited","RKFORGE","P&F | F.A","1.36%","572.8","4,82,141"
"270","Gujarat Mineral Development Corporation Limited","GMDCLTD","P&F | F.A","1.33%","415.1","17,47,065"
"768","B. L. Kashyap And Sons Limited","BLKASHYAP","P&F | F.A","1.31%","69.5","3,16,517"
"125","Marathon Nextgen Realty Limited","MARATHON","P&F | F.A","1.3%","638.55","70,780"
"473","Shipping Corporation Of India Limited","SCI","P&F | F.A","1.29%","213.52","17,11,190"
"516","Aditya Birla Money Limited","BIRLAMONEY","P&F | F.A","1.27%","182.22","1,02,505"
"73","HBL Engineering Ltd","HBLENGINE","P&F | F.A","1.24%","780.9","20,61,033"
"344","NIIT Learning Systems Ltd","NIITMTS","P&F | F.A","1.24%","329.85","79,502"
"101","PSP Projects","PSPPROJECT","P&F | F.A","1.23%","700.05","1,64,591"
"39","Subros Limited","SUBROS","P&F | F.A","1.22%","870.45","86,165"
"68","Mold-tek Packaging Limited","MOLDTKPAC","P&F | F.A","1.21%","798.5","61,735"
"530","Cupid Limited","CUPID","P&F | F.A","1.19%","171.99","28,09,676"
"374","JSW Infrastructure Ltd","JSWINFRA","P&F | F.A","1.18%","300.1","12,78,749"
"738","Motilal Oswal Nasdaq Q 50 ETF","MONQ50","P&F | F.A","1.18%","81.38","1,09,307"
"741","Dolat Algotech Ltd","DOLATALGO","P&F | F.A","1.16%","80.8","3,59,859"
"563","Muthoot Microfin Ltd","MUTHOOTMF","P&F | F.A","1.15%","153.96","1,11,227"
"644","GROWWSLVR","GROWWSLVR","P&F | F.A","1.13%","116.14","96,121"
"424","Sagar Cements Limited","SAGCEM","P&F | F.A","1.12%","255.62","3,13,199"
"419","DCX Systems Ltd","DCXINDIA","P&F | F.A","1.09%","260.15","7,11,570"
"693","DSP Gold ETF","GOLDETFADD","P&F | F.A","1.09%","99.2","4,91,176"
"650","Mirae Asset Silver ETF","SILVRETF","P&F | F.A","1.07%","114.85","1,58,859"
"401","Petronet Lng Limited","PETRONET","P&F | F.A","1.04%","271.6","32,13,713"
"99","Go Fashion (India) Ltd","GOCOLORS","P&F | F.A","1.03%","703.75","50,448"
"185","Gujarat Apollo Industries Limited","GUJAPOLLO","P&F | F.A","1.03%","516.8","3,54,339"
"654","DSP Silver ETF","SILVERADD","P&F | F.A","1.03%","113.47","2,10,045"
"194","Td Power Systems Limited","TDPOWERSYS","P&F | F.A","1.02%","504","4,42,011"
"363","Flair Writing Industries Ltd","FLAIR","P&F | F.A","0.99%","310.1","80,532"
"251","Sandur Manganese & Iron Ores Ltd","SANDUMA","P&F | F.A","0.98%","434","1,93,911"
"410","Indostar Capital Finance Ltd","INDOSTAR","P&F | F.A","0.95%","266.15","2,52,149"
"449","FSN E-Commerce Ventures Ltd","NYKAA","P&F | F.A","0.95%","233.84","74,14,193"
"617","Wonder Electricals Ltd","WEL","P&F | F.A","0.95%","132.44","3,17,896"
"555","Allied Digital Services Limited","ADSL","P&F | F.A","0.93%","158.82","1,74,863"
"639","Aditya Birla Sun Life Silver ETF","SILVER","P&F | F.A","0.93%","117.56","4,44,576"
"13","Brigade Enterprises Limited","BRIGADE","P&F | F.A","0.92%","952.9","2,92,163"
"105","Gokaldas Exports Limited","GOKEX","P&F | F.A","0.91%","695.15","6,87,308"
"129","Tanla Solutions Limited","TANLA","P&F | F.A","0.91%","626.5","8,60,535"
"647","SBI Silver ETF","SBISILVER","P&F | F.A","0.91%","115.6","5,51,459"
"641","ICICI Prudential Silver ETF","SILVERIETF","P&F | F.A","0.89%","117.36","23,03,726"
"317","Diffusion Engineers Ltd","DIFFNKG","P&F | F.A","0.87%","357.7","4,61,580"
"98","Izmo Limited","IZMO","P&F | F.A","0.86%","706.05","17,04,839"
"540","Fusion Micro Finance Ltd","FUSION","P&F | F.A","0.85%","169.43","2,33,356"
"653","UTI Silver ETF","SILVERETF","P&F | F.A","0.84%","114.13","5,05,952"
"456","Parag Milk Foods Limited","PARAGMILK","P&F | F.A","0.82%","230.55","5,03,304"
"655","HDFC Silver ETF","HDFCSILVER","P&F | F.A","0.82%","112.99","10,64,794"
"5","Windlas Biotech Ltd","WINDLAS","P&F | F.A","0.8%","994.2","33,107"
"296","Senco Gold Ltd","SENCO","P&F | F.A","0.8%","377","5,34,184"
"726","Jay Bharat Maruti Limited","JAYBARMARU","P&F | F.A","0.79%","85.02","50,440"
"805","Indo Rama Synthetics (india) Limited","INDORAMA","P&F | F.A","0.79%","50.85","2,54,689"
"213","Saregama India Limited","SAREGAMA","P&F | F.A","0.78%","480.65","1,30,895"
"565","Navneet Education Limited","NAVNETEDUL","P&F | F.A","0.78%","151.92","5,47,314"
"657","Nippon India Silver ETF","SILVERBEES","P&F | F.A","0.78%","112.78","3,21,27,716"
"285","KALPATARU","KALPATARU","P&F | F.A","0.77%","387.3","99,670"
"28","Newgen Software Technologies Ltd","NEWGEN","P&F | F.A","0.76%","902.45","13,96,051"
"497","Jindal Saw Limited","JINDALSAW","P&F | F.A","0.76%","199.68","12,19,680"
"628","Redtape Ltd","REDTAPE","P&F | F.A","0.76%","121.4","1,78,521"
"642","Axis Silver ETF","AXISILVER","P&F | F.A","0.75%","117","1,27,604"
"455","20 Microns Limited","20MICRONS","P&F | F.A","0.73%","230.57","70,930"
"699","National Fertilizers Limited","NFL","P&F | F.A","0.73%","95.61","9,34,985"
"716","ICICI Prudential Gold ETF","GOLDIETF","P&F | F.A","0.73%","87.22","21,33,486"
"718","SBI Gold ETS","SETFGOLD","P&F | F.A","0.73%","86.99","25,37,853"
"142","Banco Products (i) Limited","BANCOINDIA","P&F | F.A","0.72%","587.4","6,13,968"
"446","Redington (india) Limited","REDINGTON","P&F | F.A","0.71%","235.15","12,65,166"
"717","HDFC Gold ETF","HDFCGOLD","P&F | F.A","0.71%","87.09","23,35,852"
"350","PDS Ltd","PDSL","P&F | F.A","0.7%","324","2,05,418"
"694","Mirae Asset Gold ETF","GOLDETF","P&F | F.A","0.7%","99.05","4,60,790"
"729","Nippon India ETF Gold Bees","GOLDBEES","P&F | F.A","0.7%","84.42","1,39,82,686"
"505","New India Assurance Company Ltd","NIACL","P&F | F.A","0.69%","191.84","8,07,433"
"730","Quantum Gold Fund ETF","QGOLDHALF","P&F | F.A","0.69%","84.18","97,017"
"577","Stallion India Fluorochemicals Ltd","STALLION","P&F | F.A","0.68%","148.98","11,85,677"
"727","Kotak Gold ETF","GOLD1","P&F | F.A","0.68%","85.02","11,02,645"
"710","Aditya Birla Sun Life Gold ETF","BSLGOLDETF","P&F | F.A","0.66%","89.63","2,55,866"
"728","Axis Gold ETF","AXISGOLD","P&F | F.A","0.66%","84.91","2,37,845"
"176","Berger Paints (i) Limited","BERGEPAINT","P&F | F.A","0.65%","528.5","12,48,800"
"724","UTI - Gold Exchange Traded Fund","GOLDSHARE","P&F | F.A","0.65%","85.45","3,55,297"
"525","Devyani International Ltd","DEVYANI","P&F | F.A","0.62%","175.17","39,09,692"
"690","Groww Gold ETF","GROWWGOLD","P&F | F.A","0.62%","99.72","1,01,944"
"54","Nelco Limited","NELCO","P&F | F.A","0.6%","818.75","39,183"
"43","Schneider Electric Infrastructure Limited","SCHNEIDER","P&F | F.A","0.58%","865","61,703"
"385","Arvind Limited","ARVIND","P&F | F.A","0.58%","284.65","4,88,981"
"402","Fino Payments Bank Ltd","FINOPB","P&F | F.A","0.56%","271.45","3,03,365"
"680","NTPC Green Energy Ltd","NTPCGREEN","P&F | F.A","0.55%","103.21","33,23,492"
"742","Bluspring Enterprises Ltd","BLUSPRING","P&F | F.A","0.55%","79.94","1,75,612"
"652","Kotak Silver ETF","SILVER1","P&F | F.A","0.54%","114.16","5,87,273"
"177","Skipper Limited","SKIPPER","P&F | F.A","0.53%","527.1","3,61,880"
"640","Edelweiss Silver ETF","ESILVER","P&F | F.A","0.52%","117.4","2,50,288"
"299","Coal India Limited","COALINDIA","P&F | F.A","0.5%","374.3","43,72,269"
"138","Adani Power Limited","ADANIPOWER","P&F | F.A","0.48%","594.95","28,03,843"
"748","Oswal Agro Mills Ltd","OSWALAGRO","P&F | F.A","0.48%","78","1,28,763"
"301","Gopal Snacks Ltd","GOPAL","P&F | F.A","0.47%","372.8","64,970"
"535","D B Realty Limited","DBREALTY","P&F | F.A","0.47%","170.1","7,84,913"
"687","Jamna Auto Industries Limited","JAMNAAUTO","P&F | F.A","0.47%","101.19","28,68,128"
"197","Minda Corporation Limited","MINDACORP","P&F | F.A","0.46%","501.3","1,37,361"
"211","Hariom Pipe Industries Ltd","HARIOMPIPE","P&F | F.A","0.45%","481.4","1,44,636"
"281","Uniparts India Ltd","UNIPARTS","P&F | F.A","0.45%","394.05","30,501"
"800","Shree Rama Multi-tech Limited","SHREERAMA","P&F | F.A","0.42%","52.42","13,77,981"
"492","Motilal Oswal NASDAQ 100 ETF","MON100","P&F | F.A","0.4%","203.29","4,80,905"
"605","Everest Kanto Cylinder Limited","EKC","P&F | F.A","0.38%","136.41","3,77,998"
"679","Sarla Performance Fibers Limited","SARLAPOLY","P&F | F.A","0.38%","103.6","57,045"
"288","The India Cements Limited","INDIACEM","P&F | F.A","0.37%","384.55","7,28,538"
"472","Steel Strips Wheels Limited","SSWL","P&F | F.A","0.36%","214.99","1,30,615"
"217","RHI Magnesita India Ltd","RHIM","P&F | F.A","0.35%","473.9","1,45,330"
"683","Edelweiss Gold ETF","EGOLD","P&F | F.A","0.35%","101.8","1,43,305"
"752","W S Industries (i) Limited","WSI","P&F | F.A","0.35%","76.5","42,333"
"725","Mufin Green Finance Ltd","MUFIN","P&F | F.A","0.34%","85.05","93,258"
"494","Castrol India Limited","CASTROLIND","P&F | F.A","0.33%","201.55","9,35,810"
"216","Igarashi Motors India Limited","IGARASHI","P&F | F.A","0.32%","477.35","25,921"
"462","Artemis Medicare Services Ltd","ARTEMISMED","P&F | F.A","0.28%","222.79","1,38,327"
"721","Hi-Tech Pipes Ltd","HITECH","P&F | F.A","0.28%","86.46","4,67,005"
"209","Elgi Equipments Limited","ELGIEQUIP","P&F | F.A","0.27%","484.6","2,74,876"
"351","Jk Tyre & Industries Limited","JKTYRE","P&F | F.A","0.27%","321.55","2,70,897"
"493","Digitide Solutions Ltd","DIGITIDE","P&F | F.A","0.26%","202.2","1,22,874"
"294","Jk Paper Limited","JKPAPER","P&F | F.A","0.25%","379.25","11,63,848"
"672","Bhansali Engineering Polymers Limited","BEPL","P&F | F.A","0.23%","105.3","2,09,477"
"236","Apollo Tyres Limited","APOLLOTYRE","P&F | F.A","0.22%","457.55","6,09,203"
"810","Vascon Engineers Limited","VASCONEQ","P&F | F.A","0.22%","50.05","5,22,857"
"6","K.p.r. Mill Limited","KPRMILL","P&F | F.A","0.21%","982.1","3,50,210"
"172","Varroc Engineering Ltd","VARROC","P&F | F.A","0.21%","539.95","53,850"
"384","ACME Solar Holdings Ltd","ACMESOLAR","P&F | F.A","0.21%","286.3","17,39,894"
"720","Shriram Properties Ltd","SHRIRAMPPS","P&F | F.A","0.21%","86.52","2,50,111"
"97","Yatharth Hospital & Trauma Care Services Ltd","YATHARTH","P&F | F.A","0.2%","708.5","3,19,190"
"353","Shree Pushkar Chemicals & Fertilisers Limited","SHREEPUSHK","P&F | F.A","0.2%","320.55","1,38,930"
"589","Exicom Tele-Systems Ltd","EXICOM","P&F | F.A","0.2%","143.35","2,30,396"
"364","DDev Plastiks Industries Ltd","DDEVPLSTIK","P&F | F.A","0.19%","310","93,416"
"269","Eveready Industries India Limited","EVEREADY","P&F | F.A","0.16%","418.3","1,44,331"
"34","Reliance Industrial Infrastructure Limited","RIIL","P&F | F.A","0.15%","878.4","74,118"
"71","Bikaji Foods International Ltd","BIKAJI","P&F | F.A","0.11%","794.85","1,90,117"
"74","Quality Power Electrical Equipments Ltd","QPOWER","P&F | F.A","0.1%","779.35","4,01,949"
"557","Mirae Asset NYSE FANG+ ETF","MAFANG","P&F | F.A","0.1%","157.21","98,156"
"701","DSP Nifty Top 10 Equal Weight ETF","TOP10ADD","P&F | F.A","0.1%","94.74","6,84,753"
"789","Jayaswal Neco Industries Limited","JAYNECOIND","P&F | F.A","0.09%","58.87","1,89,37,893"
"175","Container Corporation Of India Limited","CONCOR","P&F | F.A","0.08%","528.85","20,55,711"
"801","Filatex India Limited","FILATEX","P&F | F.A","0.08%","52.15","7,29,006"
"36","Bajaj Finance Limited","BAJFINANCE","P&F | F.A","0.07%","876.85","83,49,192"
"220","Aarti Drugs Limited","AARTIDRUGS","P&F | F.A","0.06%","470.35","1,02,275"
"681","Gujarat Ambuja Exports Limited","GAEL","P&F | F.A","0.05%","102.45","3,07,616"
"778","Mirae Asset S&P 500 Top 50 ETF","MASPTOP50","P&F | F.A","0.05%","64.3","85,686"
"788","Radiant Cash Management Services Ltd","RADIANTCMS","P&F | F.A","0.05%","58.9","1,89,346"
"306","Birlasoft Ltd","BSOFT","P&F | F.A","0.04%","369.75","5,62,914"
"388","Rashi Peripherals Ltd","RPTECH","P&F | F.A","0.04%","282.9","3,52,528"
"167","Lincoln Pharmaceuticals Limited","LINCOLN","P&F | F.A","0.03%","542","40,786"
"373","Pnc Infratech Limited","PNCINFRA","P&F | F.A","0.02%","300.3","1,73,300"
"671","Groww Nifty 1D Rate Liquid ETF","GROWWLIQID","P&F | F.A","0.02%","105.49","2,39,345"
"534","The Karnataka Bank Limited","KTKBANK","P&F | F.A","0.01%","170.2","4,74,322"
"1","Mirae Asset Nifty 1D Rate Liquid ETF","LIQUID","P&F | F.A","0%","999.99","40,284"
"2","Nippon India ETF Liquid BeES","LIQUIDBEES","P&F | F.A","0%","999.99","55,06,871"
"3","ICICI Prudential S&P BSE Liquid Rate ETF","LIQUIDIETF","P&F | F.A","0%","999.99","6,55,975"
"233","Nippon India ETF Hang Seng Bees","HNGSNGBEES","P&F | F.A","0%","460.2","2,85,693"
"664","Zerodha Nifty 1D Rate Liquid ETF","LIQUIDCASE","P&F | F.A","0%","110.15","1,08,26,098"
"27","Carborundum Universal Limited","CARBORUNIV","P&F | F.A","-0.01%","903.2","1,43,428"
"115","Supriya Lifescience Ltd","SUPRIYA","P&F | F.A","-0.02%","657.9","1,36,159"
"257","Madhya Bharat Agro Products Ltd","MBAPL","P&F | F.A","-0.02%","425.75","1,92,960"
"637","Zee Entertainment Enterprises Limited","ZEEL","P&F | F.A","-0.02%","118.21","49,35,382"
"90","Jubilant Ingrevia Ltd","JUBLINGREA","P&F | F.A","-0.05%","727.85","1,71,178"
"60","Salzer Electronics Limited","SALZERELEC","P&F | F.A","-0.07%","815.2","36,915"
"404","Greenpanel Industries Ltd","GREENPANEL","P&F | F.A","-0.07%","270.5","69,538"
"536","Ugro Capital Ltd","UGROCAP","P&F | F.A","-0.08%","169.98","2,87,287"
"433","Ceigall India Ltd","CEIGALL","P&F | F.A","-0.09%","246.67","90,888"
"469","Indiqube Spaces Ltd","INDIQUBE","P&F | F.A","-0.09%","216.95","2,30,896"
"418","Talbros Automotive Components Limited","TALBROAUTO","P&F | F.A","-0.1%","260.4","54,033"
"781","Nippon India ETF 5 Year Gilt","GILT5YBEES","P&F | F.A","-0.1%","62.29","2,71,780"
"59","India Glycols Limited","INDIAGLYCO","P&F | F.A","-0.12%","815.2","1,49,126"
"454","Hindustan Copper Limited","HINDCOPPER","P&F | F.A","-0.12%","230.91","15,41,651"
"249","Faze Three Ltd","FAZE3Q","P&F | F.A","-0.13%","437.8","66,221"
"573","Omax Autos Limited","OMAXAUTO","P&F | F.A","-0.13%","149.81","61,528"
"218","Tilaknagar Industries Limited","TI","P&F | F.A","-0.14%","473.2","9,45,216"
"450","Jagsonpal Pharmaceuticals Limited","JAGSNPHARM","P&F | F.A","-0.15%","233.5","72,813"
"77","HDFC Life Insurance Company Ltd","HDFCLIFE","P&F | F.A","-0.16%","775.35","28,92,613"
"572","Arisinfra Solutions Ltd","ARISINFRA","P&F | F.A","-0.16%","149.82","4,37,803"
"528","Bombay Dyeing & Mfg Company Limited","BOMDYEING","P&F | F.A","-0.17%","173.3","10,67,437"
"135","Jindal Drilling And Industries Limited","JINDRILL","P&F | F.A","-0.18%","608.35","40,646"
"152","P N Gadgil Jewellers Ltd","PNGJL","P&F | F.A","-0.18%","567.05","1,21,681"
"82","Vedant Fashions Ltd","MANYAVAR","P&F | F.A","-0.19%","756.6","78,783"
"37","Welspun Corp Limited","WELCORP","P&F | F.A","-0.21%","872.55","3,21,199"
"390","Surya Roshni Limited","SURYAROSNI","P&F | F.A","-0.21%","280.95","2,46,191"
"532","Gail (india) Limited","GAIL","P&F | F.A","-0.24%","171.22","84,95,627"
"88","Godrej Agrovet Ltd","GODREJAGRO","P&F | F.A","-0.26%","736.1","89,061"
"190","Rategain Travel Technologies Ltd","RATEGAIN","P&F | F.A","-0.26%","511.25","4,69,543"
"349","Crompton Greaves Consumer Electricals Limited","CROMPTON","P&F | F.A","-0.28%","324.05","17,77,977"
"583","Prism Johnson Ltd","PRSMJOHNSN","P&F | F.A","-0.28%","147.45","64,159"
"443","Religare Enterprises Limited","RELIGARE","P&F | F.A","-0.29%","237","33,79,328"
"252","Ather Energy Ltd","ATHERENERG","P&F | F.A","-0.3%","430.2","11,79,714"
"118","Maharashtra Seamless Limited","MAHSEAMLES","P&F | F.A","-0.31%","654.85","74,422"
"254","Aries Agro Limited","ARIES","P&F | F.A","-0.31%","427.45","2,49,990"
"292","Hindustan Petroleum Corporation Limited","HINDPETRO","P&F | F.A","-0.31%","381.75","39,75,225"
"441","ITC Hotels Ltd","ITCHOTELS","P&F | F.A","-0.31%","238.43","22,82,306"
"570","Share India Securities Ltd","SHAREINDIA","P&F | F.A","-0.31%","150.09","2,73,174"
"648","Saurashtra Cement Ltd","SAURASHCEM","P&F | F.A","-0.31%","115.16","97,365"
"542","Marine Electricals (India) Ltd","MARINE","P&F | F.A","-0.33%","167.89","94,648"
"370","Tourism Finance Corporation Of India Limited","TFCILTD","P&F | F.A","-0.34%","303.9","10,10,532"
"439","Apollo Micro Systems Ltd","APOLLO","P&F | F.A","-0.34%","242.47","1,65,74,505"
"451","Oil & Natural Gas Corporation Limited","ONGC","P&F | F.A","-0.34%","233.39","1,38,70,643"
"600","Indian Oil Corporation Limited","IOC","P&F | F.A","-0.34%","138.49","84,20,403"
"696","Electrosteel Castings Limited","ELECTCAST","P&F | F.A","-0.34%","98.47","10,05,670"
"305","Bls International Services Limited","BLS","P&F | F.A","-0.36%","371","20,15,044"
"506","The Federal Bank  Limited","FEDERALBNK","P&F | F.A","-0.36%","191.76","77,46,244"
"627","Sambhv Steel Tubes Ltd","SAMBHV","P&F | F.A","-0.37%","121.5","11,23,681"
"561","Kopran Limited","KOPRAN","P&F | F.A","-0.38%","156.12","69,335"
"770","DSP Nifty PSU Bank ETF","PSUBANKADD","P&F | F.A","-0.38%","68.74","25,934"
"131","Raymond Realty Ltd","RAYMONDREL","P&F | F.A","-0.39%","620.2","1,17,188"
"638","Sammaan Capital Ltd","SAMMAANCAP","P&F | F.A","-0.39%","117.97","58,33,995"
"552","Tamil Nadu Newsprint & Papers Limited","TNPL","P&F | F.A","-0.4%","161.03","2,89,798"
"81","Transrail Lighting Ltd","TRANSRAILL","P&F | F.A","-0.41%","758.3","14,12,395"
"488","Indraprastha Gas Limited","IGL","P&F | F.A","-0.43%","206.68","22,10,268"
"645","Kirloskar Electric Company Limited","KECL","P&F | F.A","-0.44%","116.14","67,498"
"163","Sun Tv Network Limited","SUNTV","P&F | F.A","-0.45%","552.65","1,03,538"
"361","Bharat Petroleum Corporation Limited","BPCL","P&F | F.A","-0.45%","310.7","88,88,324"
"119","Indian Bank","INDIANB","P&F | F.A","-0.47%","652.85","28,44,882"
"689","Themis Medicare Limited","THEMISMED","P&F | F.A","-0.47%","99.81","43,420"
"224","Granules India Limited","GRANULES","P&F | F.A","-0.48%","467.25","63,34,967"
"279","Zaggle Prepaid Ocean Services Ltd","ZAGGLE","P&F | F.A","-0.48%","395","4,62,533"
"518","Gujarat Industries Power Company Limited","GIPCL","P&F | F.A","-0.48%","181.11","1,00,591"
"649","CL Educate","CLEDUCATE","P&F | F.A","-0.48%","114.9","65,545"
"64","Shakti Pumps (india) Limited","SHAKTIPUMP","P&F | F.A","-0.49%","808.8","4,23,578"
"24","Fortis Healthcare Limited","FORTIS","P&F | F.A","-0.5%","911.4","19,82,246"
"412","NIFTYETF","NIFTYETF","P&F | F.A","-0.5%","264.76","1,47,973"
"659","Bajaj Housing Finance Ltd","BAJAJHFL","P&F | F.A","-0.5%","111.77","30,65,953"
"80","The Indian Hotels Company Limited","INDHOTEL","P&F | F.A","-0.51%","765.15","16,93,942"
"808","Onmobile Global Limited","ONMOBILE","P&F | F.A","-0.51%","50.3","4,62,148"
"166","Borosil Renewables Ltd","BORORENEW","P&F | F.A","-0.52%","547.1","3,17,996"
"675","Bharat 22 ETF","ICICIB22","P&F | F.A","-0.53%","104.97","4,01,208"
"352","Monarch Networth Capital Ltd","MONARCH","P&F | F.A","-0.54%","321.25","1,49,723"
"422","Mahindra & Mahindra Financial Services Limited","M&MFIN","P&F | F.A","-0.54%","259.1","17,96,352"
"117","Nava Ltd","NAVA","P&F | F.A","-0.55%","656.2","7,92,573"
"311","Bharat Electronics Limited","BEL","P&F | F.A","-0.55%","363.85","1,22,18,065"
"429","Wipro Limited","WIPRO","P&F | F.A","-0.55%","250.65","58,51,421"
"607","Oriental Hotels Limited","ORIENTHOT","P&F | F.A","-0.55%","135.74","64,078"
"153","Sumitomo Chemical India Ltd","SUMICHEM","P&F | F.A","-0.56%","566.8","1,61,285"
"379","Simplex Infrastructures Limited","SIMPLEXINF","P&F | F.A","-0.56%","293","54,338"
"636","Navkar Corporation Limited","NAVKARCORP","P&F | F.A","-0.56%","118.49","2,38,016"
"289","Usha Martin Limited","USHAMART","P&F | F.A","-0.57%","384.35","4,73,015"
"468","Balmer Lawrie & Company Limited","BALMLAWRIE","P&F | F.A","-0.57%","217.35","2,49,693"
"522","Rajesh Exports Limited","RAJESHEXPO","P&F | F.A","-0.58%","175.9","4,28,512"
"633","Steel Authority Of India Limited","SAIL","P&F | F.A","-0.58%","119.25","77,76,953"
"420","Barbeque-Nation Hospitality Ltd","BARBEQUE","P&F | F.A","-0.59%","259.85","48,460"
"756","Ufo Moviez India Limited","UFO","P&F | F.A","-0.6%","74.08","51,742"
"258","K.P. Energy Ltd","KPEL","P&F | F.A","-0.61%","425.1","1,16,233"
"276","Itc Limited","ITC","P&F | F.A","-0.61%","400.9","1,24,71,693"
"286","Sunteck Realty Limited","SUNTECK","P&F | F.A","-0.62%","386.3","1,26,844"
"776","Lloyds Engineering Works Ltd","LLOYDSENGG","P&F | F.A","-0.62%","64.5","27,21,837"
"106","Aegis Logistics Ltd","AEGISLOG","P&F | F.A","-0.63%","694.7","1,83,822"
"227","Heritage Foods Limited","HERITGFOOD","P&F | F.A","-0.63%","463.15","1,51,426"
"434","Updater Services Ltd","UDS","P&F | F.A","-0.63%","245","1,33,796"
"487","Finolex Industries Limited","FINPIPE","P&F | F.A","-0.63%","207.82","4,22,357"
"753","The Andhra Sugars Limited","ANDHRSUGAR","P&F | F.A","-0.63%","75.82","1,08,970"
"41","Asahi India Glass Limited","ASAHIINDIA","P&F | F.A","-0.64%","867.85","1,57,391"
"481","Heidelbergcement India Limited","HEIDELBERG","P&F | F.A","-0.64%","209.5","62,970"
"300","PCBL Ltd","PCBL","P&F | F.A","-0.65%","373.05","3,07,059"
"397","NIFTYIETF","NIFTYIETF","P&F | F.A","-0.66%","276","5,84,076"
"425","Hikal Limited","HIKAL","P&F | F.A","-0.66%","254.05","4,20,268"
"513","National Aluminium Company Limited","NATIONALUM","P&F | F.A","-0.66%","184.79","53,77,292"
"56","Finolex Cables Limited","FINCABLES","P&F | F.A","-0.68%","816.5","1,57,222"
"84","Dlf Limited","DLF","P&F | F.A","-0.68%","749.45","28,06,487"
"406","Vst Industries Limited","VSTIND","P&F | F.A","-0.68%","269.65","1,34,677"
"697","Shree Digvijay Cement Co. Ltd","SHREDIGCEM","P&F | F.A","-0.68%","96.32","10,05,020"
"423","Nippon India Nifty Auto ETF","AUTOBEES","P&F | F.A","-0.69%","258.35","1,93,597"
"545","Moschip Technologies Ltd","MOSCHIP","P&F | F.A","-0.69%","165.61","3,69,998"
"232","Nuvoco Vistas Corporation Ltd","NUVOCO","P&F | F.A","-0.7%","461.1","2,36,827"
"282","Exide Industries Limited","EXIDEIND","P&F | F.A","-0.71%","394","24,04,507"
"757","Zim Laboratories Ltd","ZIMLAB","P&F | F.A","-0.71%","73.62","53,063"
"121","Chennai Petroleum Corporation Limited","CHENNPETRO","P&F | F.A","-0.72%","645.25","3,96,531"
"207","Jana Small Finance Bank Ltd","JSFB","P&F | F.A","-0.72%","488.5","1,98,857"
"341","Ntpc Limited","NTPC","P&F | F.A","-0.72%","330.8","1,04,86,929"
"417","SBI ETF Nifty 50","SETFNIF50","P&F | F.A","-0.72%","262.09","7,51,515"
"496","Manoj Vaibhav Gems N Jewellers Ltd","MVGJL","P&F | F.A","-0.72%","199.78","92,466"
"733","Visaka Industries Limited","VISAKAIND","P&F | F.A","-0.72%","82.89","51,241"
"51","Aditya Birla Sun Life AMC Ltd","ABSLAMC","P&F | F.A","-0.73%","836.6","4,45,927"
"67","State Bank Of India","SBIN","P&F | F.A","-0.73%","801.95","78,98,275"
"239","Sona BLW Precision Forgings Ltd","SONACOMS","P&F | F.A","-0.74%","450.35","32,45,285"
"688","Jai Balaji Industries Limited","JAIBALAJI","P&F | F.A","-0.74%","100.28","4,40,753"
"70","Choice International Ltd","CHOICEIN","P&F | F.A","-0.75%","796.75","2,68,242"
"585","Manaksia Coated Metals & Industries Limited","MANAKCOAT","P&F | F.A","-0.75%","146.2","88,753"
"357","Eternal Ltd","ETERNAL","P&F | F.A","-0.76%","315.5","4,40,20,264"
"396","NIFTYBEES","NIFTYBEES","P&F | F.A","-0.76%","276.93","76,38,066"
"45","Laurus Labs Limited","LAURUSLABS","P&F | F.A","-0.77%","862","13,73,559"
"405","UTI Nifty ETF","UTINIFTETF","P&F | F.A","-0.77%","269.85","5,31,880"
"739","Magellanic Cloud Ltd","MCLOUD","P&F | F.A","-0.77%","81.14","28,31,721"
"328","Genus Power Infrastructures Limited","GENUSPOWER","P&F | F.A","-0.78%","348.3","3,66,033"
"368","MAS Financial Services Ltd","MASFIN","P&F | F.A","-0.78%","304.95","65,596"
"714","CPSE ETF*","CPSEETF","P&F | F.A","-0.78%","87.87","6,95,109"
"793","UTI Bank ETF","UTIBANKETF","P&F | F.A","-0.78%","55.71","86,783"
"581","Gandhar Oil Refinery (India) Ltd","GANDHAR","P&F | F.A","-0.79%","147.82","1,23,521"
"160","Ghcl Limited","GHCL","P&F | F.A","-0.8%","555.05","52,694"
"584","Yatra Online Ltd","YATRA","P&F | F.A","-0.8%","146.73","13,08,771"
"120","Archean Chemical Industries Ltd","ACI","P&F | F.A","-0.81%","649.95","1,82,748"
"179","ELLEN","ELLEN","P&F | F.A","-0.81%","525.5","5,81,901"
"452","Bank Of Baroda","BANKBARODA","P&F | F.A","-0.81%","233.24","74,96,199"
"794","ICICI Prudential Nifty Bank ETF","BANKIETF","P&F | F.A","-0.81%","55.38","2,43,210"
"802","Ifci Limited","IFCI","P&F | F.A","-0.81%","51.56","28,96,687"
"126","Jubilant Foodworks Limited","JUBLFOOD","P&F | F.A","-0.82%","635.55","8,84,338"
"438","Pennar Industries Limited","PENIND","P&F | F.A","-0.82%","242.5","3,73,248"
"22","Jk Lakshmi Cement Limited","JKLAKSHMI","P&F | F.A","-0.83%","918.05","1,51,917"
"334","Jyothy Laboratories Limited","JYOTHYLAB","P&F | F.A","-0.83%","338.65","3,07,156"
"601","Texmaco Rail & Engineering Limited","TEXRAIL","P&F | F.A","-0.83%","137.22","15,16,232"
"762","Geojit Financial Services","GEOJITFSL","P&F | F.A","-0.83%","71.5","3,25,178"
"9","Amara Raja Energy & Mobility Ltd","ARE&M","P&F | F.A","-0.84%","967.7","3,95,585"
"614","Commercial Syn Bags Ltd","COMSYN","P&F | F.A","-0.84%","133.7","52,036"
"734","Roto Pumps Ltd","ROTO","P&F | F.A","-0.85%","82.55","2,00,218"
"95","Marico Limited","MARICO","P&F | F.A","-0.86%","711.6","18,88,376"
"102","Hindalco Industries Limited","HINDALCO","P&F | F.A","-0.86%","699.65","56,20,555"
"241","Indraprastha Medical Corporation Limited","INDRAMEDCO","P&F | F.A","-0.86%","449.35","87,091"
"260","Vedanta Limited","VEDL","P&F | F.A","-0.86%","424.5","69,55,519"
"275","Eih Limited","EIHOTEL","P&F | F.A","-0.86%","401.95","4,53,197"
"392","Star Cement Ltd","STARCEMENT","P&F | F.A","-0.86%","280.36","2,65,374"
"421","Campus Activewear Ltd","CAMPUS","P&F | F.A","-0.86%","259.2","2,30,893"
"651","Gpt Infraprojects Limited","GPTINFRA","P&F | F.A","-0.86%","114.85","59,263"
"544","HDFC Nifty Small Cap 250 ETF","HDFCSML250","P&F | F.A","-0.87%","167.3","12,69,862"
"775","Manali Petrochemicals Limited","MANALIPETC","P&F | F.A","-0.88%","64.56","1,56,892"
"109","Ajax Engineering Ltd","AJAXENGG","P&F | F.A","-0.89%","683","47,717"
"610","Nippon India ETF Nifty India Consumption","CONSUMBEES","P&F | F.A","-0.89%","134.15","1,70,251"
"159","Nippon India ETF Bank Bees","BANKBEES","P&F | F.A","-0.9%","558","15,38,004"
"564","Tata Steel Limited","TATASTEEL","P&F | F.A","-0.9%","153.63","2,22,69,869"
"110","Tata Motors Limited","TATAMOTORS","P&F | F.A","-0.91%","675.45","94,66,045"
"593","BELRISE","BELRISE","P&F | F.A","-0.91%","140.11","87,59,758"
"704","Motherson Sumi Systems Limited","MOTHERSON","P&F | F.A","-0.91%","92.11","1,30,98,197"
"745","GLOBECIVIL","GLOBECIVIL","P&F | F.A","-0.91%","78.52","2,61,875"
"158","Optiemus Infracom Ltd","OPTIEMUS","P&F | F.A","-0.92%","560.45","49,931"
"520","Ptc India Limited","PTC","P&F | F.A","-0.92%","177.15","8,76,850"
"740","Sanstar Ltd","SANSTAR","P&F | F.A","-0.92%","80.99","6,09,880"
"151","Emami Limited","EMAMILTD","P&F | F.A","-0.93%","567.45","6,22,176"
"278","Praj Industries Limited","PRAJIND","P&F | F.A","-0.93%","395.75","3,64,710"
"430","Adani Wilmar Ltd","AWL","P&F | F.A","-0.93%","249.6","15,69,139"
"465","Dam Capital Advisors Ltd","DAMCAPITAL","P&F | F.A","-0.93%","221.15","1,69,919"
"754","Nippon India ETF PSU Bank Bees","PSUBNKBEES","P&F | F.A","-0.93%","75.59","28,62,674"
"7","Zydus Lifesciences Ltd","ZYDUSLIFE","P&F | F.A","-0.94%","978.6","11,08,790"
"187","Jash Engineering Ltd","JASH","P&F | F.A","-0.94%","515","2,10,494"
"413","Quess Corp Limited","QUESS","P&F | F.A","-0.94%","264.05","1,06,776"
"705","ICICI Prudential Nifty Infrastructure ETF","INFRAIETF","P&F | F.A","-0.94%","91.35","2,78,119"
"21","63 Moons Technologies","63MOONS","P&F | F.A","-0.95%","920.6","87,854"
"504","Knr Constructions Limited","KNRCON","P&F | F.A","-0.95%","192.58","4,68,619"
"560","DCM Shriram Industries Ltd","DCMSRIND","P&F | F.A","-0.95%","156.65","56,665"
"507","Shalby Ltd","SHALBY","P&F | F.A","-0.96%","189.97","60,121"
"319","V-guard Industries Limited","VGUARD","P&F | F.A","-0.97%","357.45","99,412"
"94","Upl Limited","UPL","P&F | F.A","-0.98%","716","39,35,173"
"130","Balu Forge Industries Ltd","BALUFORGE","P&F | F.A","-0.98%","623.35","63,122"
"290","Gujarat Themis Biosyn Ltd","GUJTHEM","P&F | F.A","-0.98%","382.8","3,66,944"
"149","AWFIS Space Solutions Ltd","AWFIS","P&F | F.A","-0.99%","569.95","4,38,017"
"235","Time Technoplast Limited","TIMETECHNO","P&F | F.A","-0.99%","458.95","8,40,656"
"706","Iol Chemicals And Pharmaceuticals Limited","IOLCP","P&F | F.A","-1.01%","90.91","6,28,088"
"186","Graphite India Limited","GRAPHITE","P&F | F.A","-1.02%","515.5","1,99,879"
"490","Samhi Hotels Ltd","SAMHI","P&F | F.A","-1.02%","206.04","11,58,722"
"531","Precision Wires India Limited","PRECWIRE","P&F | F.A","-1.02%","171.48","64,666"
"72","HDB Financial Services Ltd","HDBFS","P&F | F.A","-1.03%","781.95","7,36,746"
"773","IDFC First Bank Ltd","IDFCFIRSTB","P&F | F.A","-1.03%","68.05","2,83,19,230"
"53","Bf Utilities Limited","BFUTILITIE","P&F | F.A","-1.04%","824.95","77,263"
"127","Avanti Feeds Limited","AVANTIFEED","P&F | F.A","-1.04%","633.3","4,57,875"
"182","Gujarat Narmada Valley Fertilizers And Chemicals Limited","GNFC","P&F | F.A","-1.04%","520.9","3,09,158"
"432","Sula Vineyards Ltd","SULA","P&F | F.A","-1.04%","247.75","4,29,794"
"594","Indian Energy Exchange Ltd","IEX","P&F | F.A","-1.06%","139.76","55,91,723"
"780","Dhani Services Ltd","DHANI","P&F | F.A","-1.06%","62.68","21,88,368"
"782","Allcargo Gati Ltd","ACLGATI","P&F | F.A","-1.06%","61.69","91,112"
"156","Tips Music Ltd","TIPSMUSIC","P&F | F.A","-1.07%","564.1","1,92,699"
"295","Zuari Agro Chemicals Limited","ZUARI","P&F | F.A","-1.07%","378.65","4,83,858"
"20","Adani Green Energy Ltd","ADANIGREEN","P&F | F.A","-1.08%","921.15","13,08,485"
"146","Krishana Phoschem Ltd","KRISHANA","P&F | F.A","-1.08%","581.4","1,36,030"
"195","Sanathan Textiles Ltd","SANATHAN","P&F | F.A","-1.08%","503.3","24,498"
"238","Himadri Speciality Chemical Limited","HSCL","P&F | F.A","-1.08%","450.7","4,97,097"
"25","AGI Greenpac Ltd","AGI","P&F | F.A","-1.09%","909.35","90,535"
"113","CG Power and Industrial Solutions Ltd","CGPOWER","P&F | F.A","-1.09%","664","19,45,654"
"139","Aster DM Healthcare Ltd","ASTERDM","P&F | F.A","-1.09%","594.45","5,01,485"
"181","Triveni Turbine Limited","TRITURBINE","P&F | F.A","-1.09%","524","8,23,081"
"208","Smartworks Coworking Spaces Ltd","SMARTWORKS","P&F | F.A","-1.09%","485.7","1,36,888"
"308","Go Digit General Insurance Ltd","GODIGIT","P&F | F.A","-1.09%","366.9","3,91,872"
"134","Icici Prudential Life Insurance Company Limited","ICICIPRULI","P&F | F.A","-1.1%","609.55","9,96,116"
"204","Vishnu Chemicals Limited","VISHNU","P&F | F.A","-1.1%","495.25","38,890"
"15","Alivus Life Sciences Ltd","ALIVUS","P&F | F.A","-1.11%","938","36,246"
"785","Motilal Oswal Midcap 100 ETF","MOM100","P&F | F.A","-1.11%","60.38","5,44,601"
"38","Cohance Lifesciences Ltd","COHANCE","P&F | F.A","-1.12%","871","9,42,934"
"790","Imagicaaworld Entertainment Ltd","IMAGICAA","P&F | F.A","-1.12%","56.67","2,30,520"
"87","Krishna Institute of Medical Sciences Ltd","KIMS","P&F | F.A","-1.13%","737.4","3,10,460"
"475","Ncl Industries Limited","NCLIND","P&F | F.A","-1.13%","212.59","34,092"
"93","Ventive Hospitality Ltd","VENTIVE","P&F | F.A","-1.14%","717.25","47,428"
"791","Suzlon Energy Limited","SUZLON","P&F | F.A","-1.14%","56.32","5,77,42,428"
"237","Sirca Paints India Ltd","SIRCA","P&F | F.A","-1.15%","451.55","2,36,511"
"324","Hubtown Limited","HUBTOWN","P&F | F.A","-1.15%","352","14,59,235"
"761","Avt Natural Products Limited","AVTNPL","P&F | F.A","-1.15%","72.17","61,602"
"215","Sundaram Finance Holdings Ltd","SUNDARMHLD","P&F | F.A","-1.16%","478.2","1,98,539"
"377","Honasa Consumer Ltd","HONASA","P&F | F.A","-1.16%","293.25","3,42,086"
"574","Apeejay Surrendra Park Hotels Ltd","PARKHOTELS","P&F | F.A","-1.16%","149.78","4,16,887"
"656","Welspun Living Ltd","WELSPUNLIV","P&F | F.A","-1.16%","112.95","22,24,094"
"62","Kec International Limited","KEC","P&F | F.A","-1.17%","809.05","2,08,649"
"369","Orient Technologies Ltd","ORIENTTECH","P&F | F.A","-1.17%","304","74,399"
"389","Nrb Bearing Limited","NRBBEARING","P&F | F.A","-1.17%","282","53,400"
"619","Mukand Limited","MUKANDLTD","P&F | F.A","-1.17%","128.8","49,104"
"618","Ashok Leyland Limited","ASHOKLEY","P&F | F.A","-1.18%","129.82","77,09,689"
"803","Shree Tirupati Balajee Agro Trading Co. Ltd","BALAJEE","P&F | F.A","-1.19%","51.4","3,63,170"
"266","Latent View Analytics Ltd","LATENTVIEW","P&F | F.A","-1.2%","419.8","10,92,976"
"615","Hemisphere Properties India Ltd","HEMIPROP","P&F | F.A","-1.23%","133.6","2,46,027"
"214","Ashapura Minechem Limited","ASHAPURMIN","P&F | F.A","-1.24%","479.2","3,86,830"
"764","Jagran Prakashan Limited","JAGRAN","P&F | F.A","-1.25%","70.87","2,07,033"
"395","Aditya Birla Capital Ltd","ABCAPITAL","P&F | F.A","-1.26%","277.45","36,44,279"
"765","Lloyds Enterprises Ltd","LLOYDSENT","P&F | F.A","-1.26%","70.61","42,64,247"
"809","Motilal Oswal Nifty 500 Momentum 50 ETF","MOMENTUM50","P&F | F.A","-1.26%","50.28","6,08,485"
"11","Jindal Steel & Power Limited","JINDALSTEL","P&F | F.A","-1.27%","964.7","6,73,705"
"96","Nippon India ETF Junior BeES","JUNIORBEES","P&F | F.A","-1.27%","709.47","3,03,050"
"386","Juniper Hotels Ltd","JUNIPER","P&F | F.A","-1.27%","284.3","27,776"
"408","Dishman Carbogen Amcis Ltd","DCAL","P&F | F.A","-1.27%","268.2","82,320"
"63","Insecticides (india) Limited","INSECTICID","P&F | F.A","-1.28%","808.9","35,670"
"202","Aadhar Housing Finance Ltd","AADHARHFC","P&F | F.A","-1.28%","497","2,51,622"
"273","Rishabh Instruments Ltd","RISHABH","P&F | F.A","-1.28%","406.35","1,41,871"
"684","Punjab National Bank","PNB","P&F | F.A","-1.28%","101.45","1,35,40,126"
"787","ICICI Prudential FMCG ETF","FMCGIETF","P&F | F.A","-1.28%","59.27","10,63,971"
"85","Indusind Bank Limited","INDUSINDBK","P&F | F.A","-1.3%","746.6","30,85,661"
"366","Rail Vikas Nigam Ltd","RVNL","P&F | F.A","-1.3%","308.65","75,94,293"
"676","Canara Bank","CANBK","P&F | F.A","-1.3%","104.63","1,41,84,465"
"230","Welspun Enterprises Limited","WELENT","P&F | F.A","-1.31%","461.8","90,425"
"313","Gocl Corporation Limited","GOCLCORP","P&F | F.A","-1.31%","360.7","66,337"
"616","Unicommerce eSolutions Ltd","UNIECOM","P&F | F.A","-1.31%","132.8","2,33,386"
"769","ICICI Prudential Nifty Next 50 ETF","NEXT50IETF","P&F | F.A","-1.31%","69.32","13,04,628"
"144","Sarda Energy & Minerals Limited","SARDAEN","P&F | F.A","-1.32%","585.1","6,00,653"
"471","Nippon India ETF Nifty Midcap 150","MID150BEES","P&F | F.A","-1.32%","215.07","5,77,800"
"799","Bank Of Maharashtra","MAHABANK","P&F | F.A","-1.32%","52.53","32,23,885"
"498","Greaves Cotton Limited","GREAVESCOT","P&F | F.A","-1.33%","199.49","11,91,577"
"772","ICICI Prudential Nifty PSU Bank ETF","PSUBNKIETF","P&F | F.A","-1.33%","68.5","97,835"
"777","Bodal Chemicals Limited","BODALCHEM","P&F | F.A","-1.33%","64.36","1,63,630"
"783","Mmtc Limited","MMTC","P&F | F.A","-1.33%","61.38","7,31,683"
"17","The Great Eastern Shipping Company Limited","GESHIP","P&F | F.A","-1.34%","934.7","1,70,223"
"318","Heranba Industries Ltd","HERANBA","P&F | F.A","-1.34%","357.55","41,436"
"355","Sapphire Foods India Ltd","SAPPHIRE","P&F | F.A","-1.34%","319.45","1,30,760"
"571","Rashtriya Chemicals And Fertilizers Limited","RCF","P&F | F.A","-1.34%","149.92","10,68,219"
"173","Cello World Ltd","CELLO","P&F | F.A","-1.35%","536","1,64,695"
"723","Aeroflex Enterprises Ltd","AEROENTER","P&F | F.A","-1.35%","86.3","78,998"
"464","One Mobikwik Systems Ltd","MOBIKWIK","P&F | F.A","-1.36%","221.87","5,30,505"
"326","Dollar Industries Ltd","DOLLAR","P&F | F.A","-1.37%","351.5","59,106"
"556","Modison Ltd","MODISONLTD","P&F | F.A","-1.37%","158.13","40,839"
"662","Arihant Capital Markets Ltd","ARIHANTCAP","P&F | F.A","-1.37%","110.47","2,71,458"
"798","Network18 Media & Investments Limited","NETWORK18","P&F | F.A","-1.38%","52.75","27,52,290"
"4","Vijaya Diagnostic Centre Ltd","VIJAYA","P&F | F.A","-1.39%","995","2,95,129"
"205","Premier Explosives Limited","PREMEXPLN","P&F | F.A","-1.39%","494.75","2,21,964"
"700","Embassy Development Limited","EMBDL","P&F | F.A","-1.39%","94.83","34,24,597"
"477","IKIO Lighting Ltd","IKIO","P&F | F.A","-1.4%","211.59","1,37,838"
"501","Gujarat State Fertilizers & Chemicals Limited","GSFC","P&F | F.A","-1.4%","197.03","12,68,300"
"623","TVS Supply Chain Solutions Ltd","TVSSCS","P&F | F.A","-1.4%","123.63","5,38,029"
"323","Biocon Limited","BIOCON","P&F | F.A","-1.41%","353.25","25,13,036"
"356","Zuari Industries Ltd","ZUARIIND","P&F | F.A","-1.41%","318.15","1,70,047"
"483","Bharat Heavy Electricals Limited","BHEL","P&F | F.A","-1.41%","208.51","50,28,650"
"50","Carysil Ltd","CARYSIL","P&F | F.A","-1.42%","838.1","50,456"
"579","Indo Amines Ltd","INDOAMIN","P&F | F.A","-1.42%","148.15","88,881"
"737","Motilal Oswal Nifty India Defence ETF","MODEFENCE","P&F | F.A","-1.44%","81.48","21,61,764"
"774","Gateway Distriparks Ltd","GATEWAY","P&F | F.A","-1.44%","65.49","3,74,608"
"150","Genesys International Corporation Limited","GENESYS","P&F | F.A","-1.45%","569.5","62,323"
"491","Housing and Urban Development Corporation","HUDCO","P&F | F.A","-1.45%","204.86","26,68,169"
"414","Manappuram Finance Limited","MANAPPURAM","P&F | F.A","-1.46%","263","29,59,131"
"587","Ruchira Papers Limited","RUCHIRA","P&F | F.A","-1.46%","144.7","89,231"
"667","Sportking India Ltd","SPORTKING","P&F | F.A","-1.46%","108.47","2,23,187"
"779","Sanghi Industries Limited","SANGHIIND","P&F | F.A","-1.46%","63.42","1,42,552"
"267","Gujarat Gas Limited","GUJGASLTD","P&F | F.A","-1.47%","419.1","1,53,031"
"284","Panacea Biotec Limited","PANACEABIO","P&F | F.A","-1.47%","388.9","1,31,555"
"750","Shankar Lal Rampal Dye-Chem Ltd","SRD","P&F | F.A","-1.47%","76.9","1,71,101"
"66","SBI Cards & Payment Services Ltd","SBICARD","P&F | F.A","-1.48%","803.6","16,92,967"
"247","Krbl Limited","KRBL","P&F | F.A","-1.48%","440.45","6,15,274"
"52","Medplus Health Services Ltd","MEDPLUS","P&F | F.A","-1.5%","829.45","51,309"
"588","Prime Focus Limited","PFOCUS","P&F | F.A","-1.51%","143.95","5,06,692"
"219","Heg Limited","HEG","P&F | F.A","-1.52%","470.95","3,03,576"
"274","Kiocl Limited","KIOCL","P&F | F.A","-1.52%","405.25","31,38,030"
"715","Madras Fertilizers Limited","MADRASFERT","P&F | F.A","-1.53%","87.8","1,37,955"
"225","Dilip Buildcon Limited","DBL","P&F | F.A","-1.54%","464","96,354"
"749","Vertoz Ltd","VERTOZ","P&F | F.A","-1.55%","77.68","87,217"
"630","Dcb Bank Limited","DCBBANK","P&F | F.A","-1.56%","120.21","17,47,630"
"161","Indegene Ltd","INDGN","P&F | F.A","-1.57%","553.2","3,75,822"
"164","Balrampur Chini Mills Limited","BALRAMCHIN","P&F | F.A","-1.57%","549.95","3,18,819"
"712","Motilal Oswal Nifty Realty ETF","MOREALTY","P&F | F.A","-1.57%","88.38","3,65,781"
"786","Asian Granito India Limited","ASIANTILES","P&F | F.A","-1.57%","59.52","1,53,707"
"244","Relaxo Footwears Limited","RELAXO","P&F | F.A","-1.58%","447.7","1,23,011"
"304","Gufic Biosciences Limited","GUFICBIO","P&F | F.A","-1.58%","371","65,219"
"524","Arkade Developers Ltd","ARKADE","P&F | F.A","-1.58%","175.24","15,17,509"
"12","Hdfc Bank Limited","HDFCBANK","P&F | F.A","-1.6%","957.8","2,54,38,235"
"509","Rupa & Company Limited","RUPA","P&F | F.A","-1.6%","189.29","1,83,355"
"792","Tata Teleservices (maharashtra) Limited","TTML","P&F | F.A","-1.61%","56.22","5,03,472"
"470","L&T Finance Ltd","LTF","P&F | F.A","-1.62%","216.44","57,17,833"
"510","Piramal Pharma Ltd","PPLPHARMA","P&F | F.A","-1.62%","186.3","22,17,846"
"245","Pricol Ltd.","PRICOLLTD","P&F | F.A","-1.63%","446.75","2,71,693"
"592","Sun Pharma Advanced Research Company Limited","SPARC","P&F | F.A","-1.63%","140.27","1,42,247"
"806","Nova Agritech Ltd","NOVAAGRI","P&F | F.A","-1.63%","50.85","76,111"
"188","Dabur India Limited","DABUR","P&F | F.A","-1.64%","513.85","20,68,611"
"463","Paradeep Phosphates Ltd","PARADEEP","P&F | F.A","-1.65%","222.04","54,51,356"
"586","Avantel Ltd","AVANTEL","P&F | F.A","-1.65%","145.66","9,62,719"
"771","Nmdc Limited","NMDC","P&F | F.A","-1.65%","68.73","1,51,65,740"
"316","Sonata Software Limited","SONATSOFTW","P&F | F.A","-1.66%","358.2","8,25,519"
"549","Hindustan Oil Exploration Company Limited","HINDOILEXP","P&F | F.A","-1.66%","161.35","1,19,534"
"196","Allied Blenders & Distillers Ltd","ABDL","P&F | F.A","-1.67%","501.35","1,88,951"
"569","Vishal Mega Mart Ltd","VMM","P&F | F.A","-1.67%","150.59","3,23,66,115"
"732","Satia Industries Ltd","SATIA","P&F | F.A","-1.67%","83.98","37,195"
"143","Piccadily Agro Industries Ltd","PICCADIL","P&F | F.A","-1.68%","585.85","63,453"
"180","Kiri Industries Limited","KIRIINDUS","P&F | F.A","-1.68%","524.95","1,08,275"
"403","Sunflag Iron And Steel Company Limited","SUNFLAG","P&F | F.A","-1.69%","270.95","2,18,474"
"691","The Jammu & Kashmir Bank Limited","J&KBANK","P&F | F.A","-1.69%","99.29","15,84,251"
"759","JTL Industries Ltd","JTLIND","P&F | F.A","-1.69%","72.87","7,18,123"
"206","Transformers & Rectifiers India Ltd","TARIL","P&F | F.A","-1.71%","491.5","4,88,164"
"416","Sterling & Wilson Renewable Energy Ltd","SWSOLAR","P&F | F.A","-1.71%","262.1","12,24,426"
"658","GMR Power & Urban Infra Ltd","GMRP&UI","P&F | F.A","-1.71%","111.84","7,15,595"
"670","Indogulf Cropsciences Ltd","IGCL","P&F | F.A","-1.71%","106.78","3,66,259"
"521","Nocil Limited","NOCIL","P&F | F.A","-1.72%","176.24","2,67,302"
"608","Fedbank Financial Services Ltd","FEDFINA","P&F | F.A","-1.73%","134.92","9,66,004"
"387","Iti Limited","ITI","P&F | F.A","-1.74%","283.05","1,83,337"
"558","Prakash Industries Limited","PRAKASH","P&F | F.A","-1.74%","157.1","3,99,764"
"123","Paras Defence and Space Technologies Ltd","PARAS","P&F | F.A","-1.75%","640.4","3,58,761"
"293","Power Finance Corporation Limited","PFC","P&F | F.A","-1.75%","381.75","64,29,323"
"303","Tata Power Company Limited","TATAPOWER","P&F | F.A","-1.76%","371.1","57,04,659"
"309","General Insurance Corporation of India","GICRE","P&F | F.A","-1.76%","366.55","12,31,939"
"393","Le Travenues Technology Ltd","IXIGO","P&F | F.A","-1.76%","279.51","12,50,136"
"155","Eureka Forbes Ltd","EUREKAFORB","P&F | F.A","-1.77%","564.9","1,72,653"
"162","Five-Star Business Finance Ltd","FIVESTAR","P&F | F.A","-1.77%","552.75","6,99,469"
"367","Ramco Industries Limited","RAMCOIND","P&F | F.A","-1.77%","306","1,39,860"
"548","Bandhan Bank Ltd","BANDHANBNK","P&F | F.A","-1.77%","162.93","25,13,493"
"427","Enviro Infra Engineers Ltd","EIEL","P&F | F.A","-1.78%","251.2","10,65,355"
"428","Rbl Bank Limited","RBLBANK","P&F | F.A","-1.78%","250.85","5,16,59,384"
"437","Spandana Sphoorty Financial Ltd","SPANDANA","P&F | F.A","-1.78%","242.7","92,421"
"476","Karur Vysya Bank Limited","KARURVYSYA","P&F | F.A","-1.78%","212.25","13,54,942"
"10","Intellect Design Arena Limited","INTELLECT","P&F | F.A","-1.79%","965.5","2,83,068"
"362","Jio Financial Services Ltd","JIOFIN","P&F | F.A","-1.79%","310.1","1,52,43,041"
"760","Shalimar Paints Limited","SHALPAINTS","P&F | F.A","-1.79%","72.77","1,24,484"
"736","Niva Bupa Health Insurance Company Ltd","NIVABUPA","P&F | F.A","-1.81%","81.86","12,51,662"
"426","Cantabil Retail India Limited","CANTABIL","P&F | F.A","-1.82%","253.75","64,503"
"553","Man Infraconstruction Limited","MANINFRA","P&F | F.A","-1.83%","160.83","1,81,627"
"46","Ccl Products (india) Limited","CCL","P&F | F.A","-1.84%","852.2","61,144"
"259","CMS Info Systems Ltd","CMSINFO","P&F | F.A","-1.84%","424.9","5,59,770"
"668","Niit Limited","NIITLTD","P&F | F.A","-1.84%","108.29","2,70,739"
"751","Andhra Paper Ltd","ANDHRAPAP","P&F | F.A","-1.84%","76.87","2,28,245"
"755","Groww Nifty India Defence ETF","GROWWDEFNC","P&F | F.A","-1.84%","74.09","2,59,340"
"411","DEE Development Engineers Ltd","DEEDEV","P&F | F.A","-1.85%","265.8","51,162"
"529","Aeroflex Industries Ltd","AEROFLEX","P&F | F.A","-1.85%","172.82","10,08,094"
"141","Tejas Networks","TEJASNET","P&F | F.A","-1.86%","589.85","4,83,320"
"626","Mangalore Refinery And Petrochemicals Limited","MRPL","P&F | F.A","-1.86%","121.65","7,45,193"
"23","Tata Chemicals Limited","TATACHEM","P&F | F.A","-1.87%","917.8","3,38,123"
"711","Munjal Auto Industries Limited","MUNJALAU","P&F | F.A","-1.87%","88.63","4,00,651"
"663","Bank Of India","BANKINDIA","P&F | F.A","-1.88%","110.27","39,99,869"
"746","Nhpc Limited","NHPC","P&F | F.A","-1.88%","78.34","1,16,87,477"
"381","Gujarat State Petronet Limited","GSPL","P&F | F.A","-1.89%","290.7","2,64,833"
"112","Healthcare Global Enterprises Limited","HCG","P&F | F.A","-1.9%","673.15","1,08,225"
"280","Mamata Machinery Ltd","MAMATA","P&F | F.A","-1.9%","394.6","1,57,540"
"458","Orient Cement Limited","ORIENTCEM","P&F | F.A","-1.9%","227.5","2,75,946"
"511","Tribhovandas Bhimji Zaveri Limited","TBZ","P&F | F.A","-1.9%","186","1,25,124"
"486","Ncc Limited","NCC","P&F | F.A","-1.91%","207.93","18,26,727"
"91","Can Fin Homes Limited","CANFINHOME","P&F | F.A","-1.92%","725.65","1,16,881"
"157","Ambuja Cements Limited","AMBUJACEM","P&F | F.A","-1.92%","561.8","18,15,158"
"223","Akums Drugs & Pharmaceuticals Ltd","AKUMS","P&F | F.A","-1.93%","467.9","4,53,844"
"444","Fineotex Chemical Limited","FCL","P&F | F.A","-1.93%","236.8","1,46,349"
"603","Som Distilleries & Breweries Limited","SDBL","P&F | F.A","-1.93%","136.73","6,59,333"
"222","Delhivery Ltd","DELHIVERY","P&F | F.A","-1.95%","469.15","26,25,093"
"398","Power Grid Corporation Of India Limited","POWERGRID","P&F | F.A","-1.95%","274.45","1,24,55,062"
"621","Credo Brands Marketing Ltd","MUFTI","P&F | F.A","-1.95%","125.02","84,057"
"263","Hindustan Zinc Limited","HINDZINC","P&F | F.A","-1.96%","421.7","11,39,531"
"314","Asian Energy Services Ltd","ASIANENE","P&F | F.A","-1.96%","360.7","3,10,217"
"703","Radhika Jeweltech Ltd","RADHIKAJWE","P&F | F.A","-1.96%","93.49","3,55,531"
"554","Bliss Gvs Pharma Limited","BLISSGVS","P&F | F.A","-1.97%","159.6","3,87,589"
"685","Rajoo Engineers Ltd","RAJOOENG","P&F | F.A","-1.97%","101.39","3,29,259"
"695","Nbcc (india) Limited","NBCC","P&F | F.A","-1.97%","98.9","70,33,332"
"168","Chambal Fertilizers & Chemicals Limited","CHAMBLFERT","P&F | F.A","-1.98%","541.75","4,66,807"
"499","City Union Bank Limited","CUB","P&F | F.A","-1.98%","198.54","17,09,769"
"515","Jm Financial Limited","JMFINANCIL","P&F | F.A","-1.98%","182.98","38,05,904"
"533","Precision Camshafts Limited","PRECAM","P&F | F.A","-1.98%","170.63","1,41,399"
"382","Capacite Infraprojects Ltd","CAPACITE","P&F | F.A","-2%","289.35","1,04,733"
"551","Anant Raj Global Ltd","TARC","P&F | F.A","-2%","161.1","3,38,163"
"620","Union Bank Of India","UNIONBANK","P&F | F.A","-2%","127.08","72,94,262"
"625","Servotech Power Systems Ltd","SERVOTECH","P&F | F.A","-2.01%","122.09","2,80,318"
"35","Ajmera Realty & Infra India Limited","AJMERA","P&F | F.A","-2.02%","878.3","35,330"
"79","Pnb Housing Finance Limited","PNBHOUSING","P&F | F.A","-2.02%","767.05","28,16,413"
"242","Max Estates Ltd","MAXESTATES","P&F | F.A","-2.03%","449.2","78,312"
"330","Firstsource Solutions Limited","FSL","P&F | F.A","-2.03%","346.75","6,08,096"
"339","Indus Towers Ltd (Bharti Infratel)","INDUSTOWER","P&F | F.A","-2.03%","335.6","70,73,376"
"8","Datamatics Global Services Limited","DATAMATICS","P&F | F.A","-2.04%","977.85","1,82,816"
"337","Railtel Corporation of India Ltd","RAILTEL","P&F | F.A","-2.05%","336.3","6,54,732"
"136","Raymond Limited","RAYMOND","P&F | F.A","-2.06%","606.05","2,46,463"
"445","S H Kelkar And Company Limited","SHK","P&F | F.A","-2.06%","235.7","9,73,521"
"527","Bharat Wire Ropes Limited","BHARATWIRE","P&F | F.A","-2.06%","173.51","83,924"
"758","Dcw Limited","DCW","P&F | F.A","-2.07%","73.31","5,47,444"
"271","Taj Gvk Hotels & Resorts Limited","TAJGVK","P&F | F.A","-2.09%","413.6","1,44,151"
"283","Oil India Limited","OIL","P&F | F.A","-2.11%","390.5","20,49,222"
"485","Orient Electric Ltd","ORIENTELEC","P&F | F.A","-2.11%","208.01","9,30,292"
"40","Life Insurance Corporation of India","LICI","P&F | F.A","-2.12%","869.5","9,03,333"
"199","Varun Beverages Limited","VBL","P&F | F.A","-2.13%","497.7","53,19,711"
"231","Hpl Electric & Power Limited","HPL","P&F | F.A","-2.13%","461.5","1,99,809"
"709","Idbi Bank Limited","IDBI","P&F | F.A","-2.13%","89.91","64,21,152"
"394","Ecos (India) Mobility & Hospitality Ltd","ECOSMOBLTY","P&F | F.A","-2.14%","279","39,495"
"89","AU Small Finance Bank","AUBANK","P&F | F.A","-2.15%","729.25","14,67,576"
"580","GPT Healthcare Ltd","GPTHEALTH","P&F | F.A","-2.15%","148.01","1,85,726"
"371","IIFL Capital Services Ltd","IIFLCAPS","P&F | F.A","-2.16%","301.6","3,64,462"
"613","Satin Creditcare Network Limited","SATIN","P&F | F.A","-2.16%","134","2,31,847"
"635","Indian Railway Finance Corporation Ltd","IRFC","P&F | F.A","-2.16%","118.58","1,03,01,130"
"261","Ion Exchange (India) Ltd","IONEXCHANG","P&F | F.A","-2.18%","422.5","1,81,111"
"291","Man Industries (india) Limited","MANINDS","P&F | F.A","-2.18%","382.25","1,71,045"
"591","Indian Renewable Energy Development Agency Ltd","IREDA","P&F | F.A","-2.18%","141.03","70,14,954"
"32","Motilal Oswal Financial Services Limited","MOTILALOFS","P&F | F.A","-2.19%","889","5,56,768"
"83","Supreme Petrochem Ltd","SPLPETRO","P&F | F.A","-2.19%","751.3","26,766"
"538","Marksans Pharma Limited","MARKSANS","P&F | F.A","-2.19%","169.47","9,12,531"
"55","Anthem Biosciences Ltd","ANTHEM","P&F | F.A","-2.2%","817.5","6,84,187"
"33","KRN Heat Exchanger and Refrigeration Ltd","KRN","P&F | F.A","-2.22%","887.2","4,49,904"
"264","Swiggy Ltd","SWIGGY","P&F | F.A","-2.22%","421","91,01,947"
"48","Strides Shasun Limited","STAR","P&F | F.A","-2.24%","841","2,48,449"
"78","Adani Energy Solutions Ltd","ADANIENSOL","P&F | F.A","-2.24%","770.95","8,91,046"
"298","Epack Durable Ltd","EPACK","P&F | F.A","-2.25%","375.7","3,53,834"
"336","International Gemmological Institute (India) Ltd","IGIL","P&F | F.A","-2.25%","337.35","4,20,513"
"268","Cyient DLM Ltd","CYIENTDLM","P&F | F.A","-2.28%","418.55","2,12,577"
"329","Mangalore Chemicals & Fertilizers Limited","MANGCHEFER","P&F | F.A","-2.28%","347.95","3,68,695"
"76","Hexaware Technologies Ltd","HEXT","P&F | F.A","-2.29%","775.8","6,01,559"
"312","Refex Industries Limited","REFEX","P&F | F.A","-2.31%","361.7","1,39,588"
"502","Kcp Limited","KCP","P&F | F.A","-2.31%","196.54","2,23,972"
"682","Om Infra Ltd","OMINFRAL","P&F | F.A","-2.31%","102.22","1,08,477"
"107","Senores Pharmaceuticals Ltd","SENORES","P&F | F.A","-2.32%","690.85","2,95,255"
"719","Xchanging Solutions Limited","XCHANGING","P&F | F.A","-2.32%","86.83","75,328"
"137","Jbm Auto Limited","JBMA","P&F | F.A","-2.33%","603.7","2,57,372"
"165","Lic Housing Finance Limited","LICHSGFIN","P&F | F.A","-2.33%","547.35","25,60,978"
"201","Vesuvius India Limited","VESUVIUS","P&F | F.A","-2.33%","497","1,01,560"
"297","Aarti Industries Limited","AARTIIND","P&F | F.A","-2.34%","376.95","6,10,538"
"436","Rites Ltd","RITES","P&F | F.A","-2.36%","244.35","3,16,686"
"686","Alembic Limited","ALEMBICLTD","P&F | F.A","-2.36%","101.19","3,98,138"
"474","India Pesticides Ltd","IPL","P&F | F.A","-2.37%","213.11","3,89,173"
"609","Pudumjee Paper Products Limited","PDMJEPAPER","P&F | F.A","-2.37%","134.63","3,00,050"
"322","Rural Electrification Corporation Limited","RECLTD","P&F | F.A","-2.38%","354.9","84,66,988"
"359","Mahindra Logistics Ltd","MAHLOG","P&F | F.A","-2.42%","314.05","2,60,270"
"358","Prakash Pipes Ltd","PPL","P&F | F.A","-2.44%","314.1","61,508"
"459","Sms Pharmaceuticals Limited","SMSPHARMA","P&F | F.A","-2.44%","225.77","18,97,056"
"103","Indian Railway Catering & Tourism Corporation Ltd","IRCTC","P&F | F.A","-2.45%","699.65","16,68,258"
"480","Saksoft Limited","SAKSOFT","P&F | F.A","-2.45%","209.76","1,74,200"
"590","Ratnaveer Precision Engineering Ltd","RATNAVEER","P&F | F.A","-2.48%","142.96","90,790"
"447","Indo Count Industries Limited","ICIL","P&F | F.A","-2.49%","234.85","4,03,960"
"114","Tata Technologies Ltd","TATATECH","P&F | F.A","-2.5%","662.15","7,15,484"
"409","Spml Infra Limited","SPMLINFRA","P&F | F.A","-2.51%","266.3","3,71,321"
"29","Kirloskar Oil Engines Limited","KIRLOSENG","P&F | F.A","-2.53%","900.2","2,19,245"
"632","Jai Corp Limited","JAICORPLTD","P&F | F.A","-2.53%","119.4","8,41,812"
"692","Pnb Gilts Limited","PNBGILTS","P&F | F.A","-2.54%","99.25","6,97,965"
"154","Happiest Minds Technologies Ltd","HAPPSTMNDS","P&F | F.A","-2.55%","566.75","2,70,936"
"212","ASK Automotive Ltd","ASKAUTOLTD","P&F | F.A","-2.55%","481.05","1,08,169"
"378","Quick Heal Technologies Limited","QUICKHEAL","P&F | F.A","-2.56%","293.05","50,782"
"722","GMR Airports Ltd","GMRAIRPORT","P&F | F.A","-2.56%","86.43","1,03,80,000"
"234","Ideaforge Technology Ltd","IDEAFORGE","P&F | F.A","-2.58%","460.15","1,95,205"
"340","Laxmi Dental Ltd","LAXMIDENTL","P&F | F.A","-2.58%","334.5","82,171"
"797","Oricon Enterprises Limited","ORICONENT","P&F | F.A","-2.58%","52.83","2,16,922"
"453","Godawari Power And Ispat Limited","GPIL","P&F | F.A","-2.59%","232.27","19,03,385"
"489","Laxmi Organic Industries Ltd","LXCHEM","P&F | F.A","-2.59%","206.16","5,72,426"
"189","Arvind Fashions Ltd","ARVINDFASN","P&F | F.A","-2.6%","512.35","1,41,063"
"255","Dynamic Cables Ltd","DYCL","P&F | F.A","-2.6%","426.95","1,72,074"
"380","Kamat Hotels (i) Limited","KAMATHOTEL","P&F | F.A","-2.6%","292.96","1,29,553"
"174","EMS Ltd","EMSLIMITED","P&F | F.A","-2.61%","532","1,70,223"
"332","Mahindra Lifespace Developers Limited","MAHLIFE","P&F | F.A","-2.61%","344.6","4,13,533"
"256","L T Foods Ltd","LTFOODS","P&F | F.A","-2.62%","426.1","8,84,376"
"804","Equitas Small Finance Bank Ltd","EQUITASBNK","P&F | F.A","-2.62%","50.87","62,75,849"
"673","SBFC Finance Ltd","SBFC","P&F | F.A","-2.65%","105.25","12,08,588"
"184","Anant Raj Limited","ANANTRAJ","P&F | F.A","-2.66%","517.6","8,18,615"
"512","Capri Global Capital Limited","CGCL","P&F | F.A","-2.66%","185.69","17,36,678"
"550","Ircon International Ltd","IRCON","P&F | F.A","-2.66%","161.13","15,84,379"
"622","Electronics Mart India Ltd","EMIL","P&F | F.A","-2.66%","124.52","4,18,627"
"262","Afcons Infrastructure Ltd","AFCONS","P&F | F.A","-2.69%","422.1","27,99,889"
"526","Ashoka Buildcon Limited","ASHOKA","P&F | F.A","-2.7%","173.67","8,11,039"
"541","Sequent Scientific Limited","SEQUENT","P&F | F.A","-2.71%","169.2","2,65,406"
"203","Aditya Vision Ltd","AVL","P&F | F.A","-2.72%","496.75","1,28,504"
"310","GRM Overseas Ltd","GRMOVER","P&F | F.A","-2.75%","366","3,72,689"
"193","West Coast Paper Mills Limited","WSTCSTPAPR","P&F | F.A","-2.78%","505.65","1,46,274"
"170","Elecon Engineering Company Limited","ELECON","P&F | F.A","-2.8%","540","2,70,327"
"735","Meghmani Organics Ltd","MOL","P&F | F.A","-2.8%","82.31","5,40,778"
"539","SCODATUBES","SCODATUBES","P&F | F.A","-2.81%","169.44","1,89,298"
"61","OSWALPUMPS","OSWALPUMPS","P&F | F.A","-2.83%","811.35","4,64,129"
"559","Master Trust Ltd","MASTERTR","P&F | F.A","-2.83%","157","24,47,299"
"169","Pg Electroplast Limited","PGEL","P&F | F.A","-2.87%","541.25","43,63,843"
"431","Aegis Vopak Terminals Ltd","AEGISVOPAK","P&F | F.A","-2.87%","247.87","2,26,034"
"57","KSB Ltd","KSB","P&F | F.A","-2.88%","816.1","5,89,011"
"124","Stove Kraft Ltd","STOVEKRAFT","P&F | F.A","-2.93%","639.95","1,33,724"
"346","Prince Pipes & Fittings Ltd","PRINCEPIPE","P&F | F.A","-2.93%","324.8","95,948"
"634","Himatsingka Seide Limited","HIMATSEIDE","P&F | F.A","-2.93%","119.04","7,42,885"
"766","Himachal Futuristic Communications Limited","HFCL","P&F | F.A","-2.94%","69.71","1,11,71,055"
"376","Sky Gold Ltd","SKYGOLD","P&F | F.A","-2.97%","295.75","6,46,572"
"407","Vrl Logistics Limited","VRLLOG","P&F | F.A","-2.99%","268.95","1,33,487"
"210","KPI Green Energy Ltd","KPIGREEN","P&F | F.A","-3%","483.35","5,14,756"
"365","Hindware Home Innovation Ltd","HINDWAREAP","P&F | F.A","-3%","308.95","2,58,589"
"807","Snowman Logistics Limited","SNOWMAN","P&F | F.A","-3%","50.77","2,27,548"
"200","Jsw Energy Limited","JSWENERGY","P&F | F.A","-3.01%","497.65","21,17,153"
"415","Bhagiradha Chemicals & Industries Ltd","BHAGCHEM","P&F | F.A","-3.01%","262.5","65,854"
"100","Itd Cementation India Limited","ITDCEM","P&F | F.A","-3.02%","703.5","3,72,999"
"128","Syngene International Limited","SYNGENE","P&F | F.A","-3.02%","629.2","11,91,796"
"108","Blue Jet Healthcare Ltd","BLUEJET","P&F | F.A","-3.03%","685.95","7,69,371"
"546","Mahindra EPC Irrigation Ltd","MAHEPC","P&F | F.A","-3.04%","164.74","1,22,400"
"307","Mishra Dhatu Nigam Ltd","MIDHANI","P&F | F.A","-3.06%","369.1","2,03,435"
"354","Jupiter Wagons Ltd","JWL","P&F | F.A","-3.06%","319.55","10,13,176"
"30","Jyoti CNC Automation Ltd","JYOTICNC","P&F | F.A","-3.08%","899.2","2,56,880"
"226","J.G.Chemicals Ltd","JGCHEM","P&F | F.A","-3.08%","463.7","1,35,722"
"698","Sjvn Limited","SJVN","P&F | F.A","-3.08%","96.17","74,06,014"
"331","Repco Home Finance Limited","REPCOHOME","P&F | F.A","-3.1%","346.7","2,44,732"
"482","Chemcon Speciality Chemicals Ltd","CHEMCON","P&F | F.A","-3.13%","208.66","46,764"
"250","Iifl Holdings Limited","IIFL","P&F | F.A","-3.14%","436.2","6,50,392"
"277","Schloss Bangalore Ltd","THELEELA","P&F | F.A","-3.15%","396.65","4,60,103"
"606","Rain Industries Limited","RAIN","P&F | F.A","-3.17%","136.09","15,07,799"
"104","Sheela Foam Limited","SFL","P&F | F.A","-3.23%","697.45","69,577"
"666","Renaissance Global Ltd","RGL","P&F | F.A","-3.25%","109","1,57,184"
"460","EPL Ltd","EPL","P&F | F.A","-3.27%","224.43","5,04,612"
"75","Zensar Technologies Limited","ZENSARTECH","P&F | F.A","-3.28%","778.2","2,55,845"
"69","Nippon Life India Asset Management Ltd","NAM-INDIA","P&F | F.A","-3.29%","798.5","7,08,296"
"49","Titagarh Rail Systems Ltd","TITAGARH","P&F | F.A","-3.33%","840.35","22,48,859"
"16","Sharda Cropchem Limited","SHARDACROP","P&F | F.A","-3.34%","935","2,35,071"
"568","Gujarat Pipavav Port Limited","GPPL","P&F | F.A","-3.35%","150.99","19,27,534"
"347","Aptus Value Housing Finance India Ltd","APTUS","P&F | F.A","-3.36%","324.8","7,95,490"
"198","Shivalik Bimetal Controls Ltd","SBCL","P&F | F.A","-3.38%","501","46,929"
"391","Signpost India Ltd","SIGNPOST","P&F | F.A","-3.39%","280.36","67,501"
"145","Gallantt Metal Limited","GALLANTT","P&F | F.A","-3.41%","581.45","1,87,196"
"461","Veranda Learning Solutions Ltd","VERANDA","P&F | F.A","-3.41%","223.57","8,71,734"
"595","Diamond Power Infrastructure Ltd","DIACABS","P&F | F.A","-3.42%","139.51","12,41,732"
"611","Aditya Birla Lifestyle Brands Ltd","ABLBL","P&F | F.A","-3.51%","134.02","8,96,748"
"457","Nlc India Limited","NLCINDIA","P&F | F.A","-3.53%","227.7","12,59,592"
"602","Inox Wind Limited","INOXWIND","P&F | F.A","-3.55%","136.99","70,54,036"
"478","Suven Life Sciences Limited","SUVEN","P&F | F.A","-3.58%","211.45","1,34,045"
"582","Vintage Coffee & Beverages Ltd","VINCOFE","P&F | F.A","-3.58%","147.69","9,53,805"
"243","R Systems International Limited","RSYSTEMS","P&F | F.A","-3.67%","448.3","2,65,402"
"604","Dreamfolks Services Ltd","DREAMFOLKS","P&F | F.A","-3.74%","136.58","1,47,721"
"26","Shyam Metalics & Energy Ltd","SHYAMMETL","P&F | F.A","-3.78%","905.9","1,95,299"
"192","HLE Glascoat Ltd","HLEGLAS","P&F | F.A","-3.83%","510","2,40,938"
"440","Northern ARC Capital Ltd","NORTHARC","P&F | F.A","-3.86%","239.59","9,34,025"
"148","Shriram Finance Ltd","SHRIRAMFIN","P&F | F.A","-3.88%","571.65","2,00,25,147"
"360","DMCC Speciality Chemicals Ltd","DMCC","P&F | F.A","-3.95%","311.05","52,255"
"133","J.kumar Infraprojects Limited","JKIL","P&F | F.A","-4.03%","614.5","1,92,902"
"624","Western Carriers (India) Ltd","WCIL","P&F | F.A","-4.04%","123.24","3,33,781"
"629","Sterlite Technologies Limited","STLTECH","P&F | F.A","-4.06%","120.65","16,99,110"
"643","Aarvi Encon Ltd","AARVI","P&F | F.A","-4.06%","116.71","21,789"
"132","Zinka Logistics Solutions Ltd","BLACKBUCK","P&F | F.A","-4.07%","615.6","7,86,409"
"677","Emami Paper Mills Ltd","EMAMIPAP","P&F | F.A","-4.09%","104.07","1,30,142"
"767","Tara Chand Infralogistic Solutions Ltd","TARACHAND","P&F | F.A","-4.14%","69.69","1,35,092"
"678","Southern Petrochemicals Industries Corporation  Limited","SPIC","P&F | F.A","-4.16%","103.8","10,72,982"
"500","Garuda Construction and Engineering Ltd","GARUDA","P&F | F.A","-4.17%","197.28","25,34,535"
"19","Fertilizers And Chemicals Travancore Limited","FACT","P&F | F.A","-4.18%","925.35","3,01,155"
"18","Shankara Building Products","SHANKARA","P&F | F.A","-4.28%","927","1,23,824"
"731","Omaxe Limited","OMAXE","P&F | F.A","-4.32%","84.12","1,63,833"
"508","Prostarm Info Systems Ltd","PROSTARM","P&F | F.A","-4.46%","189.49","10,76,222"
"566","Tolins Tyres Ltd","TOLINS","P&F | F.A","-4.52%","151.55","85,537"
"248","Dr Agarwals Health Care Ltd","AGARWALEYE","P&F | F.A","-4.53%","439.1","15,90,689"
"302","CSB Bank Ltd","CSBBANK","P&F | F.A","-4.53%","371.9","3,91,005"
"183","Medi Assist Healthcare Services Ltd","MEDIASSIST","P&F | F.A","-4.56%","520.45","4,74,166"
"343","Sanghvi Movers Limited","SANGHVIMOV","P&F | F.A","-4.56%","330","4,93,451"
"567","Nelcast Limited","NELCAST","P&F | F.A","-4.57%","151.09","1,25,033"
"562","Cesc Limited","CESC","P&F | F.A","-4.62%","154.17","76,49,335"
"320","Best Agrolife Ltd","BESTAGRO","P&F | F.A","-4.65%","355.95","45,253"
"597","Megasoft Limited","MEGASOFT","P&F | F.A","-4.87%","139","3,02,720"
"335","GNG Electronics Ltd","EBGNG","P&F | F.A","-4.9%","337.85","11,90,216"
"287","Quadrant Future Tek Ltd","QUADFUTURE","P&F | F.A","-4.94%","385.15","2,02,657"
"372","Suraj Estate Developers Ltd","SURAJEST","P&F | F.A","-4.98%","301.45","1,81,065"
"484","Camlin Fine Sciences Limited","CAMLINFINE","P&F | F.A","-5%","208.15","81,975"
"537","Kitex Garments Limited","KITEX","P&F | F.A","-5%","169.56","26,88,120"
"547","Bgr Energy Systems Limited","BGRENERGY","P&F | F.A","-5%","163.64","1,91,758"
"646","Nitco Limited","NITCO","P&F | F.A","-5.06%","116.1","1,40,360"
"253","Poonawalla Fincorp Ltd","POONAWALLA","P&F | F.A","-5.1%","429.6","30,79,415"
"467","Apex Frozen Foods","APEX","P&F | F.A","-5.15%","217.57","2,64,640"
"503","Kross Ltd","KROSS","P&F | F.A","-5.15%","193.5","25,24,185"
"58","Sai Life Sciences Ltd","SAILIFE","P&F | F.A","-5.23%","816.05","26,57,431"
"578","Pakka Ltd","PAKKA","P&F | F.A","-5.25%","148.28","3,61,648"
"321","Brainbees Solutions Ltd","FIRSTCRY","P&F | F.A","-5.33%","355.25","9,39,143"
"747","Aditya Birla Fashion And Retail Limited","ABFRL","P&F | F.A","-5.43%","78.08","1,80,58,814"
"466","Indo Farm Equipment Ltd","INDOFARM","P&F | F.A","-5.46%","219.03","5,40,006"
"599","Vishnu Prakash R Punglia Ltd","VPRPL","P&F | F.A","-5.5%","138.54","13,18,354"
"795","Bigbloc Construction Limited","BIGBLOC","P&F | F.A","-5.7%","54.89","72,588"
"435","IFGL Refractories Ltd","IFGLEXPOR","P&F | F.A","-5.72%","245","54,457"
"523","Sai Silks (Kalamandir) Ltd","KALAMANDIR","P&F | F.A","-6.24%","175.55","6,18,830"
"333","Rallis India Limited","RALLIS","P&F | F.A","-6.76%","341.5","10,38,993"
"140","Adani Total Gas Ltd","ATGL","P&F | F.A","-6.79%","592.55","32,47,580"